DROP DATABASE QLGiaoVien
CREATE DATABASE QLGiaoVien
USE QLGiaoVien

CREATE TABLE GIAOVIEN
(
	MAGV char(3),
	HOTEN nvarchar(30),
	LUONG float,
	PHAI nchar(3),
	NGSINH datetime,
	DIACHI nvarchar(100),
	GVQLCM char(3),
	MABM nchar(4),

	PRIMARY KEY (MAGV)
)

ALTER TABLE GIAOVIEN
ADD CONSTRAINT FK_GIAOVIEN
FOREIGN KEY (GVQLCM)
REFERENCES GIAOVIEN(MAGV)

CREATE TABLE NGUOITHAN
(
	MAGV char(3),
	TEN nvarchar(10),
	PHAI nchar(3),
	NGSINH datetime,

	PRIMARY KEY (MAGV,TEN)
)

ALTER TABLE NGUOITHAN
ADD CONSTRAINT FK_NGUOITHAN_GIAOVIEN
FOREIGN KEY (MAGV)
REFERENCES GIAOVIEN(MAGV)

CREATE TABLE GV_DT
(
	MAGV char(3),
	DIENTHOAI char (10),

	PRIMARY KEY (MAGV,DIENTHOAI)
)

ALTER TABLE GV_DT
ADD CONSTRAINT FK_GV_DT_GIAOVIEN
FOREIGN KEY (MAGV)
REFERENCES GIAOVIEN(MAGV)


CREATE TABLE CHUDE
(
	MACD nchar(4),
	TENCD nvarchar(30),

	PRIMARY KEY (MACD)
)

CREATE TABLE DETAI
(
	MADT char(3),
	TENDT nvarchar(50),
	CAPQL nchar(20),
	KINHPHI float,
	NGAYBD datetime,
	NGAYKT datetime,
	MACD nchar(4),
	GVCNDT char(3),

	PRIMARY KEY (MADT)
)

ALTER TABLE DETAI
ADD CONSTRAINT FK_DETAI_CHUDE
FOREIGN KEY (MACD)
REFERENCES CHUDE(MACD)

ALTER TABLE DETAI
ADD CONSTRAINT FK_DETAI_GIAOVIEN
FOREIGN KEY (GVCNDT)
REFERENCES GIAOVIEN(MAGV)


CREATE TABLE CONGVIEC
(
	MADT char(3),
	STT int,
	TENCV nvarchar(30),
	NGAYBD datetime,
	NGAYKT datetime,

	PRIMARY KEY (MADT, STT)
)

ALTER TABLE CONGVIEC
ADD CONSTRAINT FK_CONGVIEC_DETAI
FOREIGN KEY (MADT)
REFERENCES DETAI(MADT)


CREATE TABLE THAMGIADT
(
	MAGV char(3),
	MADT char(3),
	STT int,
	PHUCAP float,
	KETQUA nvarchar(3),

	PRIMARY KEY (MAGV, MADT, STT)
)


ALTER TABLE THAMGIADT
ADD CONSTRAINT FK_THAMGIADT_GIAOVIEN
FOREIGN KEY (MAGV)
REFERENCES GIAOVIEN(MAGV)


ALTER TABLE THAMGIADT
ADD CONSTRAINT FK_THAMGIADT_CONGVIEC
FOREIGN KEY (MADT,STT)
REFERENCES CONGVIEC(MADT,STT)

CREATE TABLE KHOA
(
	MAKHOA char(5),
	TENKHOA nvarchar(20),
	NAMTL int,
	PHONG char(3),
	DIENTHOAI char(10),
	TRUONGKHOA char(3),
	NGAYNHANCHUC datetime,

	PRIMARY KEY (MAKHOA)
)

ALTER TABLE KHOA
ADD CONSTRAINT FK_KHOA_GIAOVIEN
FOREIGN KEY (TRUONGKHOA)
REFERENCES GIAOVIEN(MAGV)

CREATE TABLE BOMON
(
	MABM nchar(4),
	TENBM nvarchar(20),
	PHONG char(3),
	DIENTHOAI char(10),
	TRUONGBM char(3),
	MAKHOA char(5),
	NGAYNHANCHUC datetime,

	PRIMARY KEY (MABM)
	
)

ALTER TABLE BOMON
ADD CONSTRAINT FK_BOMON_GIAOVIEN
FOREIGN KEY (TRUONGBM)
REFERENCES GIAOVIEN(MAGV)

ALTER TABLE BOMON
ADD CONSTRAINT FK_BOMON_KHOA
FOREIGN KEY (MAKHOA)
REFERENCES KHOA(MAKHOA)

ALTER TABLE GIAOVIEN
ADD CONSTRAINT FK_GIAOVIEN_BOMON
FOREIGN KEY (MABM)
REFERENCES BOMON(MABM)


INSERT INTO GIAOVIEN (MAGV, HOTEN, LUONG, PHAI, NGSINH, DIACHI,GVQLCM,MABM) VALUES ('001', N'Nguyễn Hoài An',2000, 'Nam', '1973-02-15', N'25/3 Lạc Long Quân, Q.10, TPHCM',NULL,NULL)
INSERT INTO GIAOVIEN (MAGV, HOTEN, LUONG, PHAI, NGSINH, DIACHI,GVQLCM,MABM) VALUES ('002', N'Trần Trà Hương',2500, N'Nữ', '1960-06-20', N'125 Trần Hưng Đạo, Q.1, TPHCM',NULL,NULL)
INSERT INTO GIAOVIEN (MAGV, HOTEN, LUONG, PHAI, NGSINH, DIACHI,GVQLCM,MABM) VALUES ('003', N'Nguyễn Ngọc Ánh',2200, N'Nữ', '1975-05-11', N'12/21 Võ Văn Ngân Thủ Đức, TPHCM',NULL,NULL)
INSERT INTO GIAOVIEN (MAGV, HOTEN, LUONG, PHAI, NGSINH, DIACHI,GVQLCM,MABM) VALUES ('004', N'Trương Nam Sơn',2300, 'Nam', '1959-06-20', N'215 Lý Thường Kiệt, TP Biên Hòa',NULL,NULL)
INSERT INTO GIAOVIEN (MAGV, HOTEN, LUONG, PHAI, NGSINH, DIACHI,GVQLCM,MABM) VALUES ('005', N'Lý Hoàng Hà',2500, 'Nam', '1954-10-23', N'22/5 Nguyễn Xí, Q.Bình Thạnh, TPHCM',NULL,NULL)
INSERT INTO GIAOVIEN (MAGV, HOTEN, LUONG, PHAI, NGSINH, DIACHI,GVQLCM,MABM) VALUES ('007', N'Nguyễn An Trung',2100, 'Nam', '1976-06-05', N'234 3/2, TP Biên Hòa',NULL,NULL)
INSERT INTO GIAOVIEN (MAGV, HOTEN, LUONG, PHAI, NGSINH, DIACHI,GVQLCM,MABM) VALUES ('006', N'Trần Bạch Tuyết',1500, N'Nữ', '1980-05-20', N'127 Hùng Vương, TP Mỹ Tho',NULL,NULL)
INSERT INTO GIAOVIEN (MAGV, HOTEN, LUONG, PHAI, NGSINH, DIACHI,GVQLCM,MABM) VALUES ('008', N'Trần Trung Hiếu',1800, 'Nam', '1977-08-06', N'22/11 Lý Thường Kiệt, TP Mỹ Tho',NULL,NULL)
INSERT INTO GIAOVIEN (MAGV, HOTEN, LUONG, PHAI, NGSINH, DIACHI,GVQLCM,MABM) VALUES ('009', N'Trần Hoàng Nam',2000, 'Nam', '1975-11-22', N'234 Trần Não, An Phú, TPHCM',NULL,NULL)
INSERT INTO GIAOVIEN (MAGV, HOTEN, LUONG, PHAI, NGSINH, DIACHI,GVQLCM,MABM) VALUES ('010', N'Phạm Nam Thanh',1500, 'Nam', '1980-12-12', N'221 Hùng Vương, Q.5, TPHCM',NULL,NULL)

UPDATE GIAOVIEN SET GVQLCM = '002' WHERE MAGV = '003'
UPDATE GIAOVIEN SET GVQLCM = '004' WHERE MAGV = '006'
UPDATE GIAOVIEN SET GVQLCM = '007' WHERE MAGV = '008'
UPDATE GIAOVIEN SET GVQLCM = '001' WHERE MAGV = '009'
UPDATE GIAOVIEN SET GVQLCM = '007' WHERE MAGV = '010'

INSERT INTO BOMON (MABM, TENBM, PHONG, DIENTHOAI, NGAYNHANCHUC, TRUONGBM, MAKHOA) VALUES('CNTT', N'Công nghệ tri thức','B15','0838126126',NULL,NULL,NULL)
INSERT INTO BOMON (MABM, TENBM, PHONG, DIENTHOAI, NGAYNHANCHUC, TRUONGBM, MAKHOA) VALUES('HHC', N'Hóa hữu cơ','B44','0838222222',NULL,NULL,NULL)
INSERT INTO BOMON (MABM, TENBM, PHONG, DIENTHOAI, NGAYNHANCHUC, TRUONGBM, MAKHOA) VALUES('HL', N'Hóa lý','B42','0838878787',NULL,NULL,NULL)
INSERT INTO BOMON (MABM, TENBM, PHONG, DIENTHOAI, NGAYNHANCHUC, TRUONGBM, MAKHOA) VALUES('HPT', N'Hóa phân tích','B43','0838777777','2007-10-15',NULL,NULL)
INSERT INTO BOMON (MABM, TENBM, PHONG, DIENTHOAI, NGAYNHANCHUC, TRUONGBM, MAKHOA) VALUES('HTTT', N'Hệ thống thông tin','B13','0838125125','2004-09-20',NULL,NULL)
INSERT INTO BOMON (MABM, TENBM, PHONG, DIENTHOAI, NGAYNHANCHUC, TRUONGBM, MAKHOA) VALUES('MMT', N'Mạng máy tính','B16','0838676767', '2005-05-15',NULL,NULL)
INSERT INTO BOMON (MABM, TENBM, PHONG, DIENTHOAI, NGAYNHANCHUC, TRUONGBM, MAKHOA) VALUES('SH', N'Sinh hóa','B33','0838898989',NULL,NULL,NULL)
INSERT INTO BOMON (MABM, TENBM, PHONG, DIENTHOAI, NGAYNHANCHUC, TRUONGBM, MAKHOA) VALUES(N'VLĐT', N'Vật lý điện tử','B23','0838234234',NULL,NULL,NULL)
INSERT INTO BOMON (MABM, TENBM, PHONG, DIENTHOAI, NGAYNHANCHUC, TRUONGBM, MAKHOA) VALUES(N'VLƯD', N'Vật lý ứng dụng','B24','0838454545','2006-02-18',NULL,NULL)
INSERT INTO BOMON (MABM, TENBM, PHONG, DIENTHOAI, NGAYNHANCHUC, TRUONGBM, MAKHOA) VALUES('VS', N'Vi sinh','B32','0838909090','2007-01-01',NULL,NULL)

UPDATE BOMON SET TRUONGBM = '007' WHERE MABM = 'HPT'
UPDATE BOMON SET TRUONGBM = '002' WHERE MABM = 'HTTT'
UPDATE BOMON SET TRUONGBM = '001' WHERE MABM = 'MMT'
UPDATE BOMON SET TRUONGBM = '005' WHERE MABM = N'VLƯD'
UPDATE BOMON SET TRUONGBM = '004' WHERE MABM = 'VS'

UPDATE GIAOVIEN SET MABM = 'MMT' WHERE MAGV = '001'
UPDATE GIAOVIEN SET MABM = 'MMT' WHERE MAGV = '009'
UPDATE GIAOVIEN SET MABM = 'HTTT' WHERE MAGV = '002'
UPDATE GIAOVIEN SET MABM = 'HTTT' WHERE MAGV = '003'
UPDATE GIAOVIEN SET MABM = 'VS' WHERE MAGV = '004'
UPDATE GIAOVIEN SET MABM = 'VS' WHERE MAGV = '006'
UPDATE GIAOVIEN SET MABM = N'VLĐT' WHERE MAGV = '005'
UPDATE GIAOVIEN SET MABM = 'HPT' WHERE MAGV = '007'
UPDATE GIAOVIEN SET MABM = 'HPT' WHERE MAGV = '008'
UPDATE GIAOVIEN SET MABM = 'HPT' WHERE MAGV = '010'

INSERT INTO KHOA (MAKHOA, TENKHOA, NAMTL, PHONG, DIENTHOAI, TRUONGKHOA, NGAYNHANCHUC) VALUES('CNTT', N'Công nghệ thông tin', 1995 , 'B11' , '0838123456' , '002' , '2005-02-20')
INSERT INTO KHOA (MAKHOA, TENKHOA, NAMTL, PHONG, DIENTHOAI, TRUONGKHOA, NGAYNHANCHUC) VALUES('HH', N'Hóa học', 1980 , 'B41' , '0838456456' , '007' , '2001-10-15')
INSERT INTO KHOA (MAKHOA, TENKHOA, NAMTL, PHONG, DIENTHOAI, TRUONGKHOA, NGAYNHANCHUC) VALUES('SH', N'Sinh học', 1980 , 'B31' , '0838454545' , '004' , '2000-10-11')
INSERT INTO KHOA (MAKHOA, TENKHOA, NAMTL, PHONG, DIENTHOAI, TRUONGKHOA, NGAYNHANCHUC) VALUES('VL',N'Vật lý' , 1976 , 'B21' , '0838223223' , '005' , '2003-09-18')


UPDATE BOMON SET MAKHOA = 'CNTT' WHERE MABM = 'CNTT'
UPDATE BOMON SET MAKHOA = 'HH' WHERE MABM = 'HHC'
UPDATE BOMON SET MAKHOA = 'HH' WHERE MABM = 'HL'
UPDATE BOMON SET MAKHOA = 'HH' WHERE MABM = 'HPT'
UPDATE BOMON SET MAKHOA = 'CNTT' WHERE MABM = 'HTTT'
UPDATE BOMON SET MAKHOA = 'CNTT' WHERE MABM = 'MMT'
UPDATE BOMON SET MAKHOA = 'SH' WHERE MABM = 'SH'
UPDATE BOMON SET MAKHOA = 'VL' WHERE MABM = N'VLĐT'
UPDATE BOMON SET MAKHOA = 'VL' WHERE MABM = N'VLƯD'
UPDATE BOMON SET MAKHOA = 'SH' WHERE MABM = 'VS'

INSERT INTO NGUOITHAN (MAGV,TEN,NGSINH,PHAI) VALUES
('001',N'Hùng','1990-01-14','Nam'),
('001',N'Thuỳ','1994-12-08',N'Nữ'),
('003',N'Hà','1998-09-03',N'Nữ'),
('003',N'Thu','1998-09-03',N'Nữ'),
('007',N'Mai','2003-03-26',N'Nữ'),
('007',N'Vy','2000-02-14',N'Nữ'),
('008',N'Nam','1991-05-06','Nam'),
('009',N'An','1996-08-19','Nam'),
('010',N'Nguyệt','2006-01-14',N'Nữ')


INSERT INTO GV_DT (MAGV, DIENTHOAI) VALUES ('001','0838912112')
INSERT INTO GV_DT (MAGV, DIENTHOAI) VALUES ('001','0903123123')
INSERT INTO GV_DT (MAGV, DIENTHOAI) VALUES ('002','0913454545')
INSERT INTO GV_DT (MAGV, DIENTHOAI) VALUES ('003','0838121212')
INSERT INTO GV_DT (MAGV, DIENTHOAI) VALUES ('003','0903656565')
INSERT INTO GV_DT (MAGV, DIENTHOAI) VALUES ('003','0937125125')
INSERT INTO GV_DT (MAGV, DIENTHOAI) VALUES ('006','0937888888')
INSERT INTO GV_DT (MAGV, DIENTHOAI) VALUES ('008','0653717171')
INSERT INTO GV_DT (MAGV, DIENTHOAI) VALUES ('008','0913232323')

INSERT INTO CHUDE (MACD,TENCD) VALUES
('NCPT',N'Nghiên cứu phát triển'),
('QLGD',N'Quản lí Giáo Dục'),
(N'ƯDCN',N'Ứng dụng công nghệ')

INSERT INTO DETAI (MADT, TENDT, KINHPHI, CAPQL, NGAYBD, NGAYKT, MACD, GVCNDT) VALUES('001', N'HTTT quản lý các trường ĐH', 20.0,N'ĐHQG', '2007-10-20', '2008-10-20', 'QLGD', '002')
INSERT INTO DETAI (MADT, TENDT, KINHPHI, CAPQL, NGAYBD, NGAYKT, MACD, GVCNDT) VALUES('002', N'HTTT quản lý giáo vụ cho một Khoa',20.0, N'Trường', '2000-10-12', '2001-10-12', 'QLGD', '002')
INSERT INTO DETAI (MADT, TENDT, KINHPHI, CAPQL, NGAYBD, NGAYKT, MACD, GVCNDT) VALUES('003', N'Nghiên cứu chế tạo sợ Nano Platin', 300.0,N'ĐHQG', '2008-05-15', '2010-05-15', 'NCPT', '005')
INSERT INTO DETAI (MADT, TENDT, KINHPHI, CAPQL, NGAYBD, NGAYKT, MACD, GVCNDT) VALUES('004', N'Tạo vật liệu sinh học bằng màng ối người',100.0,N'Nhà nước', '2007-01-01', '2009-12-31', 'NCPT', '004')
INSERT INTO DETAI (MADT, TENDT, KINHPHI, CAPQL, NGAYBD, NGAYKT, MACD, GVCNDT) VALUES('005', N'Ứng dụng hóa học xanh', 200.0,N'Trường', '2003-10-10', '2004-12-10', N'ƯDCN', '007')
INSERT INTO DETAI (MADT, TENDT, KINHPHI, CAPQL, NGAYBD, NGAYKT, MACD, GVCNDT) VALUES('006', N'Nghiên cứu tế bào gốc', 4000.0,N'Nhà nước', '2006-10-20', '2009-10-20', 'NCPT', '004')
INSERT INTO DETAI (MADT, TENDT, KINHPHI, CAPQL, NGAYBD, NGAYKT, MACD, GVCNDT) VALUES('007', N'HTTT quản lý thứ viện ở trường ĐH', 20.0, N'Trường','2009-05-10', '2010-05-10', 'QLGD', '001')

INSERT INTO CONGVIEC VALUES('001', 1, N'Khởi tạo và Lập kế hoạch', '2007-10-20', '2008-12-20')
INSERT INTO CONGVIEC VALUES('001', 2, N'Xác định yêu cầu', '2008-12-21', '2008-03-21')
INSERT INTO CONGVIEC VALUES('001', 3, N'Phân tích hệ thống', '2008-03-22', '2008-05-22')
INSERT INTO CONGVIEC VALUES('001', 4, N'Thiết kế hệ thống', '2008-05-23', '2008-06-23')
INSERT INTO CONGVIEC VALUES('001', 5, N'Cài đặt thử nghiệm', '2008-06-24', '2008-10-20')
INSERT INTO CONGVIEC VALUES('002', 1, N'Khởi tạo và Lập kế hoạch', '2009-05-10', '2009-07-10')
INSERT INTO CONGVIEC VALUES('002', 2, N'Xác định yêu cầu', '2009-7-11', '2009-10-11')
INSERT INTO CONGVIEC VALUES('002', 3, N'Phân tích hệ thống', '2009-10-12', '2009-12-20')
INSERT INTO CONGVIEC VALUES('002', 4, N'Thiết kế hệ thống', '2009-12-21', '2010-03-22')
INSERT INTO CONGVIEC VALUES('002', 5, N'Cài đặt thử nghiệm', '2009-03-23', '2010-05-10')
INSERT INTO CONGVIEC VALUES('006', 1, N'Lấy mẫu', '2006-10-20', '2007-02-20')
INSERT INTO CONGVIEC VALUES('006', 2, N'Nuôi cấy', '2007-02-21', '2008-08-21')

INSERT INTO THAMGIADT (MAGV, MADT, STT, PHUCAP, KETQUA) VALUES ('001','002',1,0.0,NULL)
INSERT INTO THAMGIADT (MAGV, MADT, STT, PHUCAP, KETQUA) VALUES ('001','002',2,2.0,NULL)
INSERT INTO THAMGIADT (MAGV, MADT, STT, PHUCAP, KETQUA) VALUES ('002','001',4,2.0,N'Đạt')
INSERT INTO THAMGIADT (MAGV, MADT, STT, PHUCAP, KETQUA) VALUES ('003','001',1,1.0,N'Đạt')
INSERT INTO THAMGIADT (MAGV, MADT, STT, PHUCAP, KETQUA) VALUES ('003','001',2,0.0,N'Đạt')
INSERT INTO THAMGIADT (MAGV, MADT, STT, PHUCAP, KETQUA) VALUES ('003','001',4,1.0,N'Đạt')
INSERT INTO THAMGIADT (MAGV, MADT, STT, PHUCAP, KETQUA) VALUES ('003','002',2,0.0,NULL)
INSERT INTO THAMGIADT (MAGV, MADT, STT, PHUCAP, KETQUA) VALUES ('004','006',1,0.0,N'Đạt')
INSERT INTO THAMGIADT (MAGV, MADT, STT, PHUCAP, KETQUA) VALUES ('004','006',2,1.0,N'Đạt')
INSERT INTO THAMGIADT (MAGV, MADT, STT, PHUCAP, KETQUA) VALUES ('006','006',2,1.5,N'Đạt')
INSERT INTO THAMGIADT (MAGV, MADT, STT, PHUCAP, KETQUA) VALUES ('009','002',3,0.5,NULL)
INSERT INTO THAMGIADT (MAGV, MADT, STT, PHUCAP, KETQUA) VALUES ('009','002',4,1.5,NULL)





